<configuration>
    
  <conversionRule conversionWord="coloredLevel" converterClass="play.api.Logger$ColoredLevel" />
  
  <property name="application.home" value="" />  
    
  <appender name="FILE" class="ch.qos.logback.core.FileAppender">
     <file>${application.home:-.}/logs/application.log</file>
     <encoder>
       <pattern>%date - [%level] - from %logger in %thread %n%message%n%xException%n</pattern>
     </encoder>
   </appender>

  <appender name="STDOUT" class="ch.qos.logback.core.ConsoleAppender">
    <encoder>
      <pattern>%coloredLevel %logger{15} - %message%n%xException{10}</pattern>
    </encoder>
  </appender>
    
  <appender name="ASYNCFILE" class="ch.qos.logback.classic.AsyncAppender">
    <appender-ref ref="FILE" />
  </appender>

  <appender name="ASYNCSTDOUT" class="ch.qos.logback.classic.AsyncAppender">
    <appender-ref ref="STDOUT" />
  </appender>
    
  
  <logger name="play" level="INFO" />
  <logger name="application" level="DEBUG" />
  <logger name="guardia" level="DEBUG" />
  <logger name="oauth2provider" level="DEBUG" />   
  <logger name="admin" level="DEBUG" />    
  <logger name="web" level="DEBUG" />    
  
  <!-- Off these ones as they are annoying, and anyway we manage configuration ourself -->
  <logger name="com.avaje.ebean.config.PropertyMapLoader" level="OFF" />
  <logger name="com.avaje.ebeaninternal.server.core.XmlConfigLoader" level="OFF" />
  <logger name="com.avaje.ebeaninternal.server.lib.BackgroundThread" level="OFF" />
  <logger name="com.gargoylesoftware.htmlunit.javascript" level="OFF" />

  <root level="WARN">
    <appender-ref ref="ASYNCFILE" />
    <appender-ref ref="ASYNCSTDOUT" />
  </root>
  
</configuration>

